TIMESTAMP,COMMAND,DRIVER_ID,DETAILS
06/04/2026 12:00:07,TRIP_COMPLETED,D-0003,15.00
06/04/2026 12:00:01,DRIVER_LOGON,D-0001,
06/04/2026 12:00:02,DRIVER_LOGON,D-9999,
06/04/2026 12:00:11,TRIP_COMPLETED,D-0002,55.50
06/04/2026 12:00:04,LOCATION_UPDATE,D-0001,Zone_Downtown
06/04/2026 12:00:13,DRIVER_LOGOFF,D-0005,
06/04/2026 12:00:06,TRIP_COMPLETED,D-0001,10.50
06/04/2026 12:00:03,DRIVER_LOGON,D-0001,
06/04/2026 12:00:08,DRIVER_LOGON,D-0004,
06/04/2026 12:00:09,TRIP_COMPLETED,D-0004,25.50
06/04/2026 12:00:10,DRIVER_LOGON,D-0002,
06/04/2026 12:00:05,LOCATION_UPDATE,D-0002,Zone_CentennialCampus
06/04/2026 12:00:12,TRIP_COMPLETED,D-0001,15.00
